<?xml version="1.0" encoding="UTF-8"?>
<project-private xmlns="http://www.netbeans.org/ns/project-private/1">
    <editor-bookmarks xmlns="http://www.netbeans.org/ns/editor-bookmarks/2" lastBookmarkId="0"/>
    <open-files xmlns="http://www.netbeans.org/ns/projectui-open-files/2">
        <group>
            <file>file:/C:/Users/chris/OneDrive%20-%20Forsyth%20Technical%20Community%20College/Documents/NetBeansProjects/DBFinalProject/src/dbfinalproject/NewCustomerGUI.java</file>
            <file>file:/C:/Users/chris/OneDrive%20-%20Forsyth%20Technical%20Community%20College/Documents/NetBeansProjects/DBFinalProject/src/dbfinalproject/CustomerOrdersGUI.java</file>
            <file>file:/C:/Users/chris/OneDrive%20-%20Forsyth%20Technical%20Community%20College/Documents/NetBeansProjects/DBFinalProject/src/dbfinalproject/CustomerGUI.java</file>
            <file>file:/C:/Users/chris/OneDrive%20-%20Forsyth%20Technical%20Community%20College/Documents/NetBeansProjects/DBFinalProject/src/dbfinalproject/NewOrderGUI.java</file>
            <file>file:/C:/Users/chris/OneDrive%20-%20Forsyth%20Technical%20Community%20College/Documents/NetBeansProjects/DBFinalProject/src/dbfinalproject/MainScreenGUI.java</file>
        </group>
    </open-files>
</project-private>
